<?xml version='1.0' ?>
<fabmetheus version="2010-03-17" p="7.123" z="2.2">
	<import file="combined_interpret.xml" id="Import Test combined">
		<matrix m14="0.6" m24="-1.3" />
	</import>
	<import file="extrude.xml" id="Import Test extrude" _importname='ee' >
	</import>
	<import file="box.obj">
	</import>
	<import file="import.xml~" id="Import Test fail">
	</import>
	<import file="Screw_Holder_Bottom_carve.svg" id="Import Test svg">
	</import>
	<dictionary testImport="id.ee.mesa.toz" />
</fabmetheus>
