<?xml version='1.0' ?>
<fabmetheus>
	<dictionary stringAppend='="aB".append(aBc)' />
	<dictionary stringDollarSignAppend='=$aB.append(aBc)' />
	<dictionary stringCapitalize='="aB".capitalize()' />
	<dictionary stringCenter='="aB".center(9,$w)' />
	<dictionary stringConcatenate='=$aB||$aBc' />
	<dictionary stringConcatenatethree='=$aB||$c' />
	<dictionary stringCopy='=$aBcde[]' />
	<dictionary stringDeleteThree='="aBcde".delete(3)' />
	<dictionary stringEndsWith='="aB".endswith(b)' />
	<dictionary stringIndex='=$aBcde.index(B)' />
	<dictionary stringInsert='="aBcde".insert(3,w)' />
	<dictionary stringIsIn='="aBcde".getIsIn(s)' />
	<dictionary stringKeys='="aB".keys()' />
	<dictionary stringLower='="aB".lower()' />
	<dictionary stringRange5one='=$aBcde[1]' />
	<dictionary stringRange5onecomma3='=$aBcde[1, 3]' />
	<dictionary stringRange5onethrough3='=$aBcde[3, -1, -1]' />
	<dictionary stringRemove='="aBcde".remove(cd)' />
	<dictionary stringReverse5='=$aBcde[None, None, -1]' />
	<dictionary stringReverseFunction='=(aBcde).reverse()' />
	<dictionary stringValues='="aBcde".values()' />
</fabmetheus>
